{"cameraMode":{"drawMode":0,"name":"Shaded","section":"Shading Mode"},"sceneLighting":true,"audioPlay":false,"sceneViewState":{"m_AlwaysRefresh":false,"showFog":true,"showSkybox":true,"showFlares":true,"showImageEffects":true,"showParticleSystems":true,"showVisualEffectGraphs":true,"m_FxEnabled":true},"in2DMode":false,"pivot":{"x":20.267152786254884,"y":-2.035419464111328,"z":19.906688690185548},"rotation":{"x":0.3039786219596863,"y":0.02857065200805664,"z":-0.00914796069264412,"w":0.9522443413734436},"size":34.38048553466797,"orthographic":true}