{"cameraMode":{"drawMode":0,"name":"Shaded","section":"Shading Mode"},"sceneLighting":true,"audioPlay":false,"sceneViewState":{"m_AlwaysRefresh":false,"showFog":true,"showSkybox":true,"showFlares":true,"showImageEffects":true,"showParticleSystems":true,"showVisualEffectGraphs":true,"m_FxEnabled":true},"in2DMode":false,"pivot":{"x":13.772697448730469,"y":9.729421615600586,"z":39.21415710449219},"rotation":{"x":-0.16523964703083039,"y":0.07626395672559738,"z":-0.012830427847802639,"w":-0.9832464456558228},"size":47.61849594116211,"orthographic":true}